Workbook

Sheet Consumi elettrici
A1: Da Scheda Audit, pag. 21
B3: Elettricità [kWh] | G3: Medie stagionali [kWh]
B4: 2017 | C4: 2018 | F4: Giorni di fornitura | G4: Media mensile | H4: Media giornaliera
A5: Gennaio | B5: 7748 | C5: 7748 | E5: Primavera | F5: 65 | G5: =AVERAGE(AVERAGE(B7:B9),AVERAGE(C7:C9)) -> 7692.6667 | H5: =G5/F5 -> 118.34872
A6: Febbraio | B6: 8665 | C6: 8665 | E6: Estate | F6: 65 | G6: =AVERAGE(AVERAGE(B10:B12),AVERAGE(C10:C12)) -> 5312.6667 | H6: =G6/F6 -> 81.733333
A7: Marzo | B7: 8380 | C7: 8380 | E7: Autunno | F7: 65 | G7: =AVERAGE(AVERAGE(B13:B15),AVERAGE(C13:C15)) -> 7094.6667 | H7: =G7/F7 -> 109.14872
A8: Aprile | B8: 7031 | C8: 7031 | E8: Inverno | F8: 65 | G8: =AVERAGE(AVERAGE(B5:B6,B16),AVERAGE(C5:C6,C16)) -> 7831.3333 | H8: =G8/F8 -> 120.48205
A9: Maggio | B9: 7667 | C9: 7667
A10: Giugno | B10: 5964 | C10: 5964
A11: Luglio | B11: 5069 | C11: 5069
A12: Agosto | B12: 4905 | C12: 4905
A13: Settembre | B13: 6500 | C13: 6500
A14: Ottobre | B14: 7213 | C14: 7213
A15: Novembre | B15: 7571 | C15: 7571
A16: Dicembre | B16: 7081 | C16: 7081
A18: Prezzo medio [€/kWh] | B18: 0.106874 | C18: 0.106874
A20: Spesa [€] | B20: =SUM(B5:B16)*B18 -> 8955.4 | C20: =SUM(C5:C16)*C18 -> 8955.4

Sheet Consumi gas
A1: Da Scheda Audit, pag. 21
C3: Gas metano [kWh] | I3: Medie stagionali
C4: 2017 | D4: 2018 | E4: 2019 | H4: Giorni di fornitura | I4: Media mensile | J4: Media giornaliera
A5: Gennaio | B5: 31 | C5: 187972.96 | D5: 187972.96 | E5: 187972.96 | G5: Primavera | H5: 65 | I5: =AVERAGE(AVERAGE(D7:D9),AVERAGE(E7:E9),AVERAGE(C7:C9)) -> 5270.17 | J5: =I5/H5 -> 81.079538
A6: Febbraio | B6: 28 | C6: 152182.84 | D6: 152182.84 | E6: 152182.84 | G6: Estate | H6: 65 | I6: =AVERAGE(AVERAGE(D10:D12),AVERAGE(E10:E12),AVERAGE(C10:C12)) -> 0 | J6: =I6/H6 -> 0
A7: Marzo | B7: 31 | C7: 13426.64 | D7: 13426.64 | E7: 13426.64 | G7: Autunno | H7: 65 | I7: =AVERAGE(AVERAGE(D13:D15),AVERAGE(E13:E15),AVERAGE(C13:C15)) -> 65401.42 | J7: =I7/H7 -> 1006.1757
A8: Aprile | B8: 30 | C8: 2383.87 | D8: 2383.87 | E8: 2383.87 | G8: Inverno | H8: 65 | I8: =AVERAGE(AVERAGE(D5:D6,D16),AVERAGE(E5:E6,E16),AVERAGE(C5:C6,C16)) -> 184099.62 | J8: =I8/H8 -> 2832.3018
A9: Maggio | B9: 31 | C9: 0 | D9: 0 | E9: 0
A10: Giugno | B10: 30 | C10: 0 | D10: 0 | E10: 0
A11: Luglio | B11: 31 | C11: 0 | D11: 0 | E11: 0
A12: Agosto | B12: 31 | C12: 0 | D12: 0 | E12: 0
A13: Settembre | B13: 30 | C13: 1336.25 | D13: 1336.25 | E13: 1336.25
A14: Ottobre | B14: 31 | C14: 15468.43 | D14: 15468.43 | E14: 15468.43
A15: Novembre | B15: 30 | C15: 179399.58 | D15: 179399.58 | E15: 179399.58
A16: Dicembre | B16: 31 | C16: 212143.05 | D16: 212143.05 | E16: 212143.05
A18: Prezzo medio [€/kWh] | C18: 0.0088964658 | D18: 0.0088964658 | E18: 0.0088964658
A20: Spesa [€] | C20: =SUM(C5:C16)*C18 -> 6799.69 | D20: =SUM(D5:D16)*D18 -> 6799.69 | E20: =SUM(E5:E16)*E18 -> 6799.69

Sheet Consumi ACS
A1: Da REPORT DE, pag 53
C3: ACS [kWh] | G3: Medie stagionali [kWh]
C4: 2019 | F4: Giorni di fornitura | G4: Media mensile | H4: Media giornaliera
A5: Gennaio | B5: 31 | C5: =356.32*B5 -> 11045.92 | E5: Primavera | F5: 65 | G5: =AVERAGE(C7:C9) -> 12667.033 | H5: =G5/F5 -> 194.87744
A6: Febbraio | B6: 28 | C6: =419.21*B6 -> 11737.88 | E6: Estate | F6: 65 | G6: =AVERAGE(C10:C12) -> 10466.127 | H6: =G6/F6 -> 161.01733
A7: Marzo | B7: 31 | C7: =482.09*B7 -> 14944.79 | E7: Autunno | F7: 65 | G7: =AVERAGE(C13:C15) -> 12946.497 | H7: =G7/F7 -> 199.17687
A8: Aprile | B8: 30 | C8: =335.36*B8 -> 10060.8 | E8: Inverno | F8: 65 | G8: =AVERAGE(C5:C6,C16) -> 12143.023 | H8: =G8/F8 -> 186.81574
A9: Maggio | B9: 31 | C9: =419.21*B9 -> 12995.51
A10: Giugno | B10: 30 | C10: =440.17*B10 -> 13205.1
A11: Luglio | B11: 31 | C11: =356.32*B11 -> 11045.92
A12: Agosto | B12: 31 | C12: =230.56*B12 -> 7147.36
A13: Settembre | B13: 30 | C13: =335.36*B13 -> 10060.8
A14: Ottobre | B14: 31 | C14: =482.09*B14 -> 14944.79
A15: Novembre | B15: 30 | C15: =461.13*B15 -> 13833.9
A16: Dicembre | B16: 31 | C16: =440.17*B16 -> 13645.27

Sheet Domande
A1: Da Scheda audit pag 77
D2: Domanda oraria media [kWh]
D3: Elettricità | H3: Gas | L3: Heating | P3: Acqua Calda Sanitaria
A4: Ora | B4: Fattore di utilizzo | C4: Rescaling 100% | D4: Primavera | E4: Estate | F4: Autunno | G4: Inverno | H4: Primavera | I4: Estate | J4: Autunno | K4: Inverno | L4: Primavera | M4: Estate | N4: Autunno | O4: Inverno | P4: Primavera | Q4: Estate | R4: Autunno | S4: Inverno
A5: 1 | B5: 0 | C5: =B5/SUM($B$5:$B$28) -> 0 | D5: =C5*'Consumi elettrici'!$H$5 -> 0 | E5: =C5*'Consumi elettrici'!$H$6 -> 0 | F5: =C5*'Consumi elettrici'!$H$7 -> 0 | G5: =C5*'Consumi elettrici'!$H$8 -> 0 | H5: =C5*'Consumi gas'!$J$5 -> 0 | I5: =C5*'Consumi gas'!$J$6 -> 0 | J5: =C5*'Consumi gas'!$J$7 -> 0 | K5: =C5*'Consumi gas'!$J$8 -> 0 | L5: =C5*$G$49 -> 0 | M5: =C5*$G$50 -> 0 | N5: =C5*$G$51 -> 0 | O5: =C5*$G$52 -> 0 | P5: =C5*'Consumi ACS'!$H$5 -> 0 | Q5: =C5*'Consumi ACS'!$H$6 -> 0 | R5: =C5*'Consumi ACS'!$H$7 -> 0 | S5: =C5*'Consumi ACS'!$H$8 -> 0
A6: 2 | B6: 0 | C6: =B6/SUM($B$5:$B$28) -> 0 | D6: =C6*'Consumi elettrici'!$H$5 -> 0 | E6: =C6*'Consumi elettrici'!$H$6 -> 0 | F6: =C6*'Consumi elettrici'!$H$7 -> 0 | G6: =C6*'Consumi elettrici'!$H$8 -> 0 | H6: =C6*'Consumi gas'!$J$5 -> 0 | I6: =C6*'Consumi gas'!$J$6 -> 0 | J6: =C6*'Consumi gas'!$J$7 -> 0 | K6: =C6*'Consumi gas'!$J$8 -> 0 | L6: =C6*$G$49 -> 0 | M6: =C6*$G$50 -> 0 | N6: =C6*$G$51 -> 0 | O6: =C6*$G$52 -> 0 | P6: =C6*'Consumi ACS'!$H$5 -> 0 | Q6: =C6*'Consumi ACS'!$H$6 -> 0 | R6: =C6*'Consumi ACS'!$H$7 -> 0 | S6: =C6*'Consumi ACS'!$H$8 -> 0
A7: 3 | B7: 0 | C7: =B7/SUM($B$5:$B$28) -> 0 | D7: =C7*'Consumi elettrici'!$H$5 -> 0 | E7: =C7*'Consumi elettrici'!$H$6 -> 0 | F7: =C7*'Consumi elettrici'!$H$7 -> 0 | G7: =C7*'Consumi elettrici'!$H$8 -> 0 | H7: =C7*'Consumi gas'!$J$5 -> 0 | I7: =C7*'Consumi gas'!$J$6 -> 0 | J7: =C7*'Consumi gas'!$J$7 -> 0 | K7: =C7*'Consumi gas'!$J$8 -> 0 | L7: =C7*$G$49 -> 0 | M7: =C7*$G$50 -> 0 | N7: =C7*$G$51 -> 0 | O7: =C7*$G$52 -> 0 | P7: =C7*'Consumi ACS'!$H$5 -> 0 | Q7: =C7*'Consumi ACS'!$H$6 -> 0 | R7: =C7*'Consumi ACS'!$H$7 -> 0 | S7: =C7*'Consumi ACS'!$H$8 -> 0
A8: 4 | B8: 0 | C8: =B8/SUM($B$5:$B$28) -> 0 | D8: =C8*'Consumi elettrici'!$H$5 -> 0 | E8: =C8*'Consumi elettrici'!$H$6 -> 0 | F8: =C8*'Consumi elettrici'!$H$7 -> 0 | G8: =C8*'Consumi elettrici'!$H$8 -> 0 | H8: =C8*'Consumi gas'!$J$5 -> 0 | I8: =C8*'Consumi gas'!$J$6 -> 0 | J8: =C8*'Consumi gas'!$J$7 -> 0 | K8: =C8*'Consumi gas'!$J$8 -> 0 | L8: =C8*$G$49 -> 0 | M8: =C8*$G$50 -> 0 | N8: =C8*$G$51 -> 0 | O8: =C8*$G$52 -> 0 | P8: =C8*'Consumi ACS'!$H$5 -> 0 | Q8: =C8*'Consumi ACS'!$H$6 -> 0 | R8: =C8*'Consumi ACS'!$H$7 -> 0 | S8: =C8*'Consumi ACS'!$H$8 -> 0
A9: 5 | B9: 0 | C9: =B9/SUM($B$5:$B$28) -> 0 | D9: =C9*'Consumi elettrici'!$H$5 -> 0 | E9: =C9*'Consumi elettrici'!$H$6 -> 0 | F9: =C9*'Consumi elettrici'!$H$7 -> 0 | G9: =C9*'Consumi elettrici'!$H$8 -> 0 | H9: =C9*'Consumi gas'!$J$5 -> 0 | I9: =C9*'Consumi gas'!$J$6 -> 0 | J9: =C9*'Consumi gas'!$J$7 -> 0 | K9: =C9*'Consumi gas'!$J$8 -> 0 | L9: =C9*$G$49 -> 0 | M9: =C9*$G$50 -> 0 | N9: =C9*$G$51 -> 0 | O9: =C9*$G$52 -> 0 | P9: =C9*'Consumi ACS'!$H$5 -> 0 | Q9: =C9*'Consumi ACS'!$H$6 -> 0 | R9: =C9*'Consumi ACS'!$H$7 -> 0 | S9: =C9*'Consumi ACS'!$H$8 -> 0
A10: 6 | B10: 0 | C10: =B10/SUM($B$5:$B$28) -> 0 | D10: =C10*'Consumi elettrici'!$H$5 -> 0 | E10: =C10*'Consumi elettrici'!$H$6 -> 0 | F10: =C10*'Consumi elettrici'!$H$7 -> 0 | G10: =C10*'Consumi elettrici'!$H$8 -> 0 | H10: =C10*'Consumi gas'!$J$5 -> 0 | I10: =C10*'Consumi gas'!$J$6 -> 0 | J10: =C10*'Consumi gas'!$J$7 -> 0 | K10: =C10*'Consumi gas'!$J$8 -> 0 | L10: =C10*$G$49 -> 0 | M10: =C10*$G$50 -> 0 | N10: =C10*$G$51 -> 0 | O10: =C10*$G$52 -> 0 | P10: =C10*'Consumi ACS'!$H$5 -> 0 | Q10: =C10*'Consumi ACS'!$H$6 -> 0 | R10: =C10*'Consumi ACS'!$H$7 -> 0 | S10: =C10*'Consumi ACS'!$H$8 -> 0
A11: 7 | B11: 0.05 | C11: =B11/SUM($B$5:$B$28) -> 0.0084745763 | D11: =C11*'Consumi elettrici'!$H$5 -> 1.0029552 | E11: =C11*'Consumi elettrici'!$H$6 -> 0.69265537 | F11: =C11*'Consumi elettrici'!$H$7 -> 0.92498914 | G11: =C11*'Consumi elettrici'!$H$8 -> 1.0210343 | H11: =C11*'Consumi gas'!$J$5 -> 0.68711473 | I11: =C11*'Consumi gas'!$J$6 -> 0 | J11: =C11*'Consumi gas'!$J$7 -> 8.5269126 | K11: =C11*'Consumi gas'!$J$8 -> 24.002558 | L11: =C11*$G$49 -> 0.454949 | M11: =C11*$G$50 -> 0 | N11: =C11*$G$51 -> 5.6457972 | O11: =C11*$G$52 -> 15.892455 | P11: =C11*'Consumi ACS'!$H$5 -> 1.6515037 | Q11: =C11*'Consumi ACS'!$H$6 -> 1.3645537 | R11: =C11*'Consumi ACS'!$H$7 -> 1.6879396 | S11: =C11*'Consumi ACS'!$H$8 -> 1.5831843
A12: 8 | B12: 1 | C12: =B12/SUM($B$5:$B$28) -> 0.16949153 | D12: =C12*'Consumi elettrici'!$H$5 -> 20.059105 | E12: =C12*'Consumi elettrici'!$H$6 -> 13.853107 | F12: =C12*'Consumi elettrici'!$H$7 -> 18.499783 | G12: =C12*'Consumi elettrici'!$H$8 -> 20.420687 | H12: =C12*'Consumi gas'!$J$5 -> 13.742295 | I12: =C12*'Consumi gas'!$J$6 -> 0 | J12: =C12*'Consumi gas'!$J$7 -> 170.53825 | K12: =C12*'Consumi gas'!$J$8 -> 480.05115 | L12: =C12*$G$49 -> 9.0989801 | M12: =C12*$G$50 -> 0 | N12: =C12*$G$51 -> 112.91594 | O12: =C12*$G$52 -> 317.84909 | P12: =C12*'Consumi ACS'!$H$5 -> 33.030074 | Q12: =C12*'Consumi ACS'!$H$6 -> 27.291073 | R12: =C12*'Consumi ACS'!$H$7 -> 33.758792 | S12: =C12*'Consumi ACS'!$H$8 -> 31.663685
A13: 9 | B13: 1 | C13: =B13/SUM($B$5:$B$28) -> 0.16949153 | D13: =C13*'Consumi elettrici'!$H$5 -> 20.059105 | E13: =C13*'Consumi elettrici'!$H$6 -> 13.853107 | F13: =C13*'Consumi elettrici'!$H$7 -> 18.499783 | G13: =C13*'Consumi elettrici'!$H$8 -> 20.420687 | H13: =C13*'Consumi gas'!$J$5 -> 13.742295 | I13: =C13*'Consumi gas'!$J$6 -> 0 | J13: =C13*'Consumi gas'!$J$7 -> 170.53825 | K13: =C13*'Consumi gas'!$J$8 -> 480.05115 | L13: =C13*$G$49 -> 9.0989801 | M13: =C13*$G$50 -> 0 | N13: =C13*$G$51 -> 112.91594 | O13: =C13*$G$52 -> 317.84909 | P13: =C13*'Consumi ACS'!$H$5 -> 33.030074 | Q13: =C13*'Consumi ACS'!$H$6 -> 27.291073 | R13: =C13*'Consumi ACS'!$H$7 -> 33.758792 | S13: =C13*'Consumi ACS'!$H$8 -> 31.663685
A14: 10 | B14: 1 | C14: =B14/SUM($B$5:$B$28) -> 0.16949153 | D14: =C14*'Consumi elettrici'!$H$5 -> 20.059105 | E14: =C14*'Consumi elettrici'!$H$6 -> 13.853107 | F14: =C14*'Consumi elettrici'!$H$7 -> 18.499783 | G14: =C14*'Consumi elettrici'!$H$8 -> 20.420687 | H14: =C14*'Consumi gas'!$J$5 -> 13.742295 | I14: =C14*'Consumi gas'!$J$6 -> 0 | J14: =C14*'Consumi gas'!$J$7 -> 170.53825 | K14: =C14*'Consumi gas'!$J$8 -> 480.05115 | L14: =C14*$G$49 -> 9.0989801 | M14: =C14*$G$50 -> 0 | N14: =C14*$G$51 -> 112.91594 | O14: =C14*$G$52 -> 317.84909 | P14: =C14*'Consumi ACS'!$H$5 -> 33.030074 | Q14: =C14*'Consumi ACS'!$H$6 -> 27.291073 | R14: =C14*'Consumi ACS'!$H$7 -> 33.758792 | S14: =C14*'Consumi ACS'!$H$8 -> 31.663685
A15: 11 | B15: 1 | C15: =B15/SUM($B$5:$B$28) -> 0.16949153 | D15: =C15*'Consumi elettrici'!$H$5 -> 20.059105 | E15: =C15*'Consumi elettrici'!$H$6 -> 13.853107 | F15: =C15*'Consumi elettrici'!$H$7 -> 18.499783 | G15: =C15*'Consumi elettrici'!$H$8 -> 20.420687 | H15: =C15*'Consumi gas'!$J$5 -> 13.742295 | I15: =C15*'Consumi gas'!$J$6 -> 0 | J15: =C15*'Consumi gas'!$J$7 -> 170.53825 | K15: =C15*'Consumi gas'!$J$8 -> 480.05115 | L15: =C15*$G$49 -> 9.0989801 | M15: =C15*$G$50 -> 0 | N15: =C15*$G$51 -> 112.91594 | O15: =C15*$G$52 -> 317.84909 | P15: =C15*'Consumi ACS'!$H$5 -> 33.030074 | Q15: =C15*'Consumi ACS'!$H$6 -> 27.291073 | R15: =C15*'Consumi ACS'!$H$7 -> 33.758792 | S15: =C15*'Consumi ACS'!$H$8 -> 31.663685
A16: 12 | B16: 1 | C16: =B16/SUM($B$5:$B$28) -> 0.16949153 | D16: =C16*'Consumi elettrici'!$H$5 -> 20.059105 | E16: =C16*'Consumi elettrici'!$H$6 -> 13.853107 | F16: =C16*'Consumi elettrici'!$H$7 -> 18.499783 | G16: =C16*'Consumi elettrici'!$H$8 -> 20.420687 | H16: =C16*'Consumi gas'!$J$5 -> 13.742295 | I16: =C16*'Consumi gas'!$J$6 -> 0 | J16: =C16*'Consumi gas'!$J$7 -> 170.53825 | K16: =C16*'Consumi gas'!$J$8 -> 480.05115 | L16: =C16*$G$49 -> 9.0989801 | M16: =C16*$G$50 -> 0 | N16: =C16*$G$51 -> 112.91594 | O16: =C16*$G$52 -> 317.84909 | P16: =C16*'Consumi ACS'!$H$5 -> 33.030074 | Q16: =C16*'Consumi ACS'!$H$6 -> 27.291073 | R16: =C16*'Consumi ACS'!$H$7 -> 33.758792 | S16: =C16*'Consumi ACS'!$H$8 -> 31.663685
... A28: 24 | B28: 0 | C28: =B28/SUM($B$5:$B$28) -> 0 | D28: =C28*'Consumi elettrici'!$H$5 -> 0 | E28: =C28*'Consumi elettrici'!$H$6 -> 0 | F28: =C28*'Consumi elettrici'!$H$7 -> 0 | G28: =C28*'Consumi elettrici'!$H$8 -> 0 | H28: =C28*'Consumi gas'!$J$5 -> 0 | I28: =C28*'Consumi gas'!$J$6 -> 0 | J28: =C28*'Consumi gas'!$J$7 -> 0 | K28: =C28*'Consumi gas'!$J$8 -> 0 | L28: =C28*$G$49 -> 0 | M28: =C28*$G$50 -> 0 | N28: =C28*$G$51 -> 0 | O28: =C28*$G$52 -> 0 | P28: =C28*'Consumi ACS'!$H$5 -> 0 | Q28: =C28*'Consumi ACS'!$H$6 -> 0 | R28: =C28*'Consumi ACS'!$H$7 -> 0 | S28: =C28*'Consumi ACS'!$H$8 -> 0
A35: Calcolo profilo Heating
A37: Fabbisogno energia termica utile (riscaldamento)
A39: ZT1 | B39: kWh/anno | C39: 134747.38 | D39: Da REPORT DE, pag 108
A40: ZT2 | B40: kWh/anno | C40: 105850.42 | D40: Da REPORT DE, pag 109
A41: ZT3 | B41: kWh/anno | C41: 176292.84 | D41: Da REPORT DE, pag 110
A42: ZT4 | B42: kWh/anno | C42: 53020.06 | D42: Da REPORT DE, pag 112
A43: ZT5 | B43: kWh/anno | C43: 36152.85 | D43: Da REPORT DE, pag 113
A44: Tot | B44: kWh/anno | C44: =SUM(C39:C43) -> 506063.55
F47: Medie stagionali
C48: Profilo mensile | F48: Media mensile | G48: Media giornaliera
B49: Gennaio | C49: =$C$44*'Consumi gas'!E5/SUM('Consumi gas'!$E$5:$E$16) -> 124459.73 | E49: Primavera | F49: =AVERAGE(C51,C52,C53) -> 3489.4589 | G49: =F49/'Consumi gas'!H5 -> 53.683983
B50: Febbraio | C50: =$C$44*'Consumi gas'!E6/SUM('Consumi gas'!$E$5:$E$16) -> 100762.55 | E50: Estate | F50: =AVERAGE(C54:C56) -> 0 | G50: =F50/'Consumi gas'!H6 -> 0
B51: Marzo | C51: =$C$44*'Consumi gas'!E7/SUM('Consumi gas'!$E$5:$E$16) -> 8889.9804 | E51: Autunno | F51: =AVERAGE(C57:C59) -> 43303.264 | G51: =F51/'Consumi gas'!H7 -> 666.20407
B52: Aprile | C52: =$C$44*'Consumi gas'!E8/SUM('Consumi gas'!$E$5:$E$16) -> 1578.3962 | E52: Inverno | F52: =AVERAGE(C49:C50,C60) -> 121895.13 | G52: =F52/'Consumi gas'!H8 -> 1875.3096
B53: Maggio | C53: =$C$44*'Consumi gas'!E9/SUM('Consumi gas'!$E$5:$E$16) -> 0
B54: Giugno | C54: =$C$44*'Consumi gas'!E10/SUM('Consumi gas'!$E$5:$E$16) -> 0
B55: Luglio | C55: =$C$44*'Consumi gas'!E11/SUM('Consumi gas'!$E$5:$E$16) -> 0
B56: Agosto | C56: =$C$44*'Consumi gas'!E12/SUM('Consumi gas'!$E$5:$E$16) -> 0
B57: Settembre | C57: =$C$44*'Consumi gas'!E13/SUM('Consumi gas'!$E$5:$E$16) -> 884.75123
B58: Ottobre | C58: =$C$44*'Consumi gas'!E14/SUM('Consumi gas'!$E$5:$E$16) -> 10241.88
B59: Novembre | C59: =$C$44*'Consumi gas'!E15/SUM('Consumi gas'!$E$5:$E$16) -> 118783.16
B60: Dicembre | C60: =$C$44*'Consumi gas'!E16/SUM('Consumi gas'!$E$5:$E$16) -> 140463.11

Sheet Temperature
C1: Temperatura esterna (Da renewables.ninja)
C2: 1 | D2: 2 | E2: 3 | F2: 4 | G2: 5 | H2: 6 | I2: 7 | J2: 8 | K2: 9 | L2: 10 | M2: 11 | N2: 12 | O2: 13 | P2: 14 | Q2: 15 | R2: 16 | S2: 17 | T2: 18 | U2: 19 | V2: 20 | W2: 21 | X2: 22 | Y2: 23 | Z2: 24
A3: Gennaio | B3: 1 | C3: {=AVERAGE(_xlfn._xlws.FILTER('[1]Air temperatures (Renewable Nin'!$C$2:$C$8761,('[1]Air temperatures (Renewable Nin'!$A$2:$A$8761=$B3)*('[1]Air temperatures (Renewable Nin'!$B$2:$B$8761=C$2)))} -> 7.5359355 | D3: {=AVERAGE(_xlfn._xlws.FILTER('[1]Air temperatures (Renewable Nin'!$C$2:$C$8761,('[1]Air temperatures (Renewable Nin'!$A$2:$A$8761=$B3)*('[1]Air temperatures (Renewable Nin'!$B$2:$B$8761=D$2)))} -> 7.4708065 | E3: {=AVERAGE(_xlfn._xlws.FILTER('[1]Air temperatures (Renewable Nin'!$C$2:$C$8761,('[1]Air temperatures (Renewable Nin'!$A$2:$A$8761=$B3)*('[1]Air temperatures (Renewable Nin'!$B$2:$B$8761=E$2)))} -> 7.4099355 | F3: {=AVERAGE(_xlfn._xlws.FILTER('[1]Air temperatures (Renewable Nin'!$C$2:$C$8761,('[1]Air temperatures (Renewable Nin'!$A$2:$A$8761=$B3)*('[1]Air temperatures (Renewable Nin'!$B$2:$B$8761=F$2)))} -> 7.3381935 | G3: {=AVERAGE(_xlfn._xlws.FILTER('[1]Air temperatures (Renewable Nin'!$C$2:$C$8761,('[1]Air temperatures (Renewable Nin'!$A$2:$A$8761=$B3)*('[1]Air temperatures (Renewable Nin'!$B$2:$B$8761=G$2)))} -> 7.281129 | H3: {=AVERAGE(_xlfn._xlws.FILTER('[1]Air temperatures (Renewable Nin'!$C$2:$C$8761,('[1]Air temperatures (Renewable Nin'!$A$2:$A$8761=$B3)*('[1]Air temperatures (Renewable Nin'!$B$2:$B$8761=H$2)))} -> 7.2219032 | I3: {=AVERAGE(_xlfn._xlws.FILTER('[1]Air temperatures (Renewable Nin'!$C$2:$C$8761,('[1]Air temperatures (Renewable Nin'!$A$2:$A$8761=$B3)*('[1]Air temperatures (Renewable Nin'!$B$2:$B$8761=I$2)))} -> 7.1667419 | J3: {=AVERAGE(_xlfn._xlws.FILTER('[1]Air temperatures (Renewable Nin'!$C$2:$C$8761,('[1]Air temperatures (Renewable Nin'!$A$2:$A$8761=$B3)*('[1]Air temperatures (Renewable Nin'!$B$2:$B$8761=J$2)))} -> 7.522871 | ... Z3: {=AVERAGE(_xlfn._xlws.FILTER('[1]Air temperatures (Renewable Nin'!$C$2:$C$8761,('[1]Air temperatures (Renewable Nin'!$A$2:$A$8761=$B3)*('[1]Air temperatures (Renewable Nin'!$B$2:$B$8761=Z$2)))} -> 7.7340645
A4: Febbraio | B4: 2 | C4: {=AVERAGE(_xlfn._xlws.FILTER('[1]Air temperatures (Renewable Nin'!$C$2:$C$8761,('[1]Air temperatures (Renewable Nin'!$A$2:$A$8761=$B4)*('[1]Air temperatures (Renewable Nin'!$B$2:$B$8761=C$2)))} -> 9.1656429 | D4: {=AVERAGE(_xlfn._xlws.FILTER('[1]Air temperatures (Renewable Nin'!$C$2:$C$8761,('[1]Air temperatures (Renewable Nin'!$A$2:$A$8761=$B4)*('[1]Air temperatures (Renewable Nin'!$B$2:$B$8761=D$2)))} -> 8.9858929 | E4: {=AVERAGE(_xlfn._xlws.FILTER('[1]Air temperatures (Renewable Nin'!$C$2:$C$8761,('[1]Air temperatures (Renewable Nin'!$A$2:$A$8761=$B4)*('[1]Air temperatures (Renewable Nin'!$B$2:$B$8761=E$2)))} -> 8.8021071 | F4: {=AVERAGE(_xlfn._xlws.FILTER('[1]Air temperatures (Renewable Nin'!$C$2:$C$8761,('[1]Air temperatures (Renewable Nin'!$A$2:$A$8761=$B4)*('[1]Air temperatures (Renewable Nin'!$B$2:$B$8761=F$2)))} -> 8.5993214 | G4: {=AVERAGE(_xlfn._xlws.FILTER('[1]Air temperatures (Renewable Nin'!$C$2:$C$8761,('[1]Air temperatures (Renewable Nin'!$A$2:$A$8761=$B4)*('[1]Air temperatures (Renewable Nin'!$B$2:$B$8761=G$2)))} -> 8.4505357 | H4: {=AVERAGE(_xlfn._xlws.FILTER('[1]Air temperatures (Renewable Nin'!$C$2:$C$8761,('[1]Air temperatures (Renewable Nin'!$A$2:$A$8761=$B4)*('[1]Air temperatures (Renewable Nin'!$B$2:$B$8761=H$2)))} -> 8.3514643 | I4: {=AVERAGE(_xlfn._xlws.FILTER('[1]Air temperatures (Renewable Nin'!$C$2:$C$8761,('[1]Air temperatures (Renewable Nin'!$A$2:$A$8761=$B4)*('[1]Air temperatures (Renewable Nin'!$B$2:$B$8761=I$2)))} -> 8.3461071 | J4: {=AVERAGE(_xlfn._xlws.FILTER('[1]Air temperatures (Renewable Nin'!$C$2:$C$8761,('[1]Air temperatures (Renewable Nin'!$A$2:$A$8761=$B4)*('[1]Air temperatures (Renewable Nin'!$B$2:$B$8761=J$2)))} -> 9.5938571 | ... Z4: {=AVERAGE(_xlfn._xlws.FILTER('[1]Air temperatures (Renewable Nin'!$C$2:$C$8761,('[1]Air temperatures (Renewable Nin'!$A$2:$A$8761=$B4)*('[1]Air temperatures (Renewable Nin'!$B$2:$B$8761=Z$2)))} -> 9.3278571
A5: Marzo | B5: 3 | C5: {=AVERAGE(_xlfn._xlws.FILTER('[1]Air temperatures (Renewable Nin'!$C$2:$C$8761,('[1]Air temperatures (Renewable Nin'!$A$2:$A$8761=$B5)*('[1]Air temperatures (Renewable Nin'!$B$2:$B$8761=C$2)))} -> 11.260032 | D5: {=AVERAGE(_xlfn._xlws.FILTER('[1]Air temperatures (Renewable Nin'!$C$2:$C$8761,('[1]Air temperatures (Renewable Nin'!$A$2:$A$8761=$B5)*('[1]Air temperatures (Renewable Nin'!$B$2:$B$8761=D$2)))} -> 11.020613 | E5: {=AVERAGE(_xlfn._xlws.FILTER('[1]Air temperatures (Renewable Nin'!$C$2:$C$8761,('[1]Air temperatures (Renewable Nin'!$A$2:$A$8761=$B5)*('[1]Air temperatures (Renewable Nin'!$B$2:$B$8761=E$2)))} -> 10.786774 | F5: {=AVERAGE(_xlfn._xlws.FILTER('[1]Air temperatures (Renewable Nin'!$C$2:$C$8761,('[1]Air temperatures (Renewable Nin'!$A$2:$A$8761=$B5)*('[1]Air temperatures (Renewable Nin'!$B$2:$B$8761=F$2)))} -> 10.595032 | G5: {=AVERAGE(_xlfn._xlws.FILTER('[1]Air temperatures (Renewable Nin'!$C$2:$C$8761,('[1]Air temperatures (Renewable Nin'!$A$2:$A$8761=$B5)*('[1]Air temperatures (Renewable Nin'!$B$2:$B$8761=G$2)))} -> 10.463097 | H5: {=AVERAGE(_xlfn._xlws.FILTER('[1]Air temperatures (Renewable Nin'!$C$2:$C$8761,('[1]Air temperatures (Renewable Nin'!$A$2:$A$8761=$B5)*('[1]Air temperatures (Renewable Nin'!$B$2:$B$8761=H$2)))} -> 10.352 | I5: {=AVERAGE(_xlfn._xlws.FILTER('[1]Air temperatures (Renewable Nin'!$C$2:$C$8761,('[1]Air temperatures (Renewable Nin'!$A$2:$A$8761=$B5)*('[1]Air temperatures (Renewable Nin'!$B$2:$B$8761=I$2)))} -> 10.947032 | J5: {=AVERAGE(_xlfn._xlws.FILTER('[1]Air temperatures (Renewable Nin'!$C$2:$C$8761,('[1]Air temperatures (Renewable Nin'!$A$2:$A$8761=$B5)*('[1]Air temperatures (Renewable Nin'!$B$2:$B$8761=J$2)))} -> 12.379516 | ... Z5: {=AVERAGE(_xlfn._xlws.FILTER('[1]Air temperatures (Renewable Nin'!$C$2:$C$8761,('[1]Air temperatures (Renewable Nin'!$A$2:$A$8761=$B5)*('[1]Air temperatures (Renewable Nin'!$B$2:$B$8761=Z$2)))} -> 11.564903
A6: Aprile | B6: 4 | C6: {=AVERAGE(_xlfn._xlws.FILTER('[1]Air temperatures (Renewable Nin'!$C$2:$C$8761,('[1]Air temperatures (Renewable Nin'!$A$2:$A$8761=$B6)*('[1]Air temperatures (Renewable Nin'!$B$2:$B$8761=C$2)))} -> 12.950167 | D6: {=AVERAGE(_xlfn._xlws.FILTER('[1]Air temperatures (Renewable Nin'!$C$2:$C$8761,('[1]Air temperatures (Renewable Nin'!$A$2:$A$8761=$B6)*('[1]Air temperatures (Renewable Nin'!$B$2:$B$8761=D$2)))} -> 12.715133 | E6: {=AVERAGE(_xlfn._xlws.FILTER('[1]Air temperatures (Renewable Nin'!$C$2:$C$8761,('[1]Air temperatures (Renewable Nin'!$A$2:$A$8761=$B6)*('[1]Air temperatures (Renewable Nin'!$B$2:$B$8761=E$2)))} -> 12.5173 | F6: {=AVERAGE(_xlfn._xlws.FILTER('[1]Air temperatures (Renewable Nin'!$C$2:$C$8761,('[1]Air temperatures (Renewable Nin'!$A$2:$A$8761=$B6)*('[1]Air temperatures (Renewable Nin'!$B$2:$B$8761=F$2)))} -> 12.3619 | G6: {=AVERAGE(_xlfn._xlws.FILTER('[1]Air temperatures (Renewable Nin'!$C$2:$C$8761,('[1]Air temperatures (Renewable Nin'!$A$2:$A$8761=$B6)*('[1]Air temperatures (Renewable Nin'!$B$2:$B$8761=G$2)))} -> 12.229767 | H6: {=AVERAGE(_xlfn._xlws.FILTER('[1]Air temperatures (Renewable Nin'!$C$2:$C$8761,('[1]Air temperatures (Renewable Nin'!$A$2:$A$8761=$B6)*('[1]Air temperatures (Renewable Nin'!$B$2:$B$8761=H$2)))} -> 12.3834 | I6: {=AVERAGE(_xlfn._xlws.FILTER('[1]Air temperatures (Renewable Nin'!$C$2:$C$8761,('[1]Air temperatures (Renewable Nin'!$A$2:$A$8761=$B6)*('[1]Air temperatures (Renewable Nin'!$B$2:$B$8761=I$2)))} -> 13.571333 | J6: {=AVERAGE(_xlfn._xlws.FILTER('[1]Air temperatures (Renewable Nin'!$C$2:$C$8761,('[1]Air temperatures (Renewable Nin'!$A$2:$A$8761=$B6)*('[1]Air temperatures (Renewable Nin'!$B$2:$B$8761=J$2)))} -> 14.718933 | ... Z6: {=AVERAGE(_xlfn._xlws.FILTER('[1]Air temperatures (Renewable Nin'!$C$2:$C$8761,('[1]Air temperatures (Renewable Nin'!$A$2:$A$8761=$B6)*('[1]Air temperatures (Renewable Nin'!$B$2:$B$8761=Z$2)))} -> 13.284267
A7: Maggio | B7: 5 | C7: {=AVERAGE(_xlfn._xlws.FILTER('[1]Air temperatures (Renewable Nin'!$C$2:$C$8761,('[1]Air temperatures (Renewable Nin'!$A$2:$A$8761=$B7)*('[1]Air temperatures (Renewable Nin'!$B$2:$B$8761=C$2)))} -> 15.134581 | D7: {=AVERAGE(_xlfn._xlws.FILTER('[1]Air temperatures (Renewable Nin'!$C$2:$C$8761,('[1]Air temperatures (Renewable Nin'!$A$2:$A$8761=$B7)*('[1]Air temperatures (Renewable Nin'!$B$2:$B$8761=D$2)))} -> 14.88529 | E7: {=AVERAGE(_xlfn._xlws.FILTER('[1]Air temperatures (Renewable Nin'!$C$2:$C$8761,('[1]Air temperatures (Renewable Nin'!$A$2:$A$8761=$B7)*('[1]Air temperatures (Renewable Nin'!$B$2:$B$8761=E$2)))} -> 14.665387 | F7: {=AVERAGE(_xlfn._xlws.FILTER('[1]Air temperatures (Renewable Nin'!$C$2:$C$8761,('[1]Air temperatures (Renewable Nin'!$A$2:$A$8761=$B7)*('[1]Air temperatures (Renewable Nin'!$B$2:$B$8761=F$2)))} -> 14.455839 | G7: {=AVERAGE(_xlfn._xlws.FILTER('[1]Air temperatures (Renewable Nin'!$C$2:$C$8761,('[1]Air temperatures (Renewable Nin'!$A$2:$A$8761=$B7)*('[1]Air temperatures (Renewable Nin'!$B$2:$B$8761=G$2)))} -> 14.250226 | H7: {=AVERAGE(_xlfn._xlws.FILTER('[1]Air temperatures (Renewable Nin'!$C$2:$C$8761,('[1]Air temperatures (Renewable Nin'!$A$2:$A$8761=$B7)*('[1]Air temperatures (Renewable Nin'!$B$2:$B$8761=H$2)))} -> 14.870839 | I7: {=AVERAGE(_xlfn._xlws.FILTER('[1]Air temperatures (Renewable Nin'!$C$2:$C$8761,('[1]Air temperatures (Renewable Nin'!$A$2:$A$8761=$B7)*('[1]Air temperatures (Renewable Nin'!$B$2:$B$8761=I$2)))} -> 15.924742 | J7: {=AVERAGE(_xlfn._xlws.FILTER('[1]Air temperatures (Renewable Nin'!$C$2:$C$8761,('[1]Air temperatures (Renewable Nin'!$A$2:$A$8761=$B7)*('[1]Air temperatures (Renewable Nin'!$B$2:$B$8761=J$2)))} -> 17.085323 | ... Z7: {=AVERAGE(_xlfn._xlws.FILTER('[1]Air temperatures (Renewable Nin'!$C$2:$C$8761,('[1]Air temperatures (Renewable Nin'!$A$2:$A$8761=$B7)*('[1]Air temperatures (Renewable Nin'!$B$2:$B$8761=Z$2)))} -> 15.515968
A8: Giugno | B8: 6 | C8: {=AVERAGE(_xlfn._xlws.FILTER('[1]Air temperatures (Renewable Nin'!$C$2:$C$8761,('[1]Air temperatures (Renewable Nin'!$A$2:$A$8761=$B8)*('[1]Air temperatures (Renewable Nin'!$B$2:$B$8761=C$2)))} -> 22.1655 | D8: {=AVERAGE(_xlfn._xlws.FILTER('[1]Air temperatures (Renewable Nin'!$C$2:$C$8761,('[1]Air temperatures (Renewable Nin'!$A$2:$A$8761=$B8)*('[1]Air temperatures (Renewable Nin'!$B$2:$B$8761=D$2)))} -> 21.946867 | E8: {=AVERAGE(_xlfn._xlws.FILTER('[1]Air temperatures (Renewable Nin'!$C$2:$C$8761,('[1]Air temperatures (Renewable Nin'!$A$2:$A$8761=$B8)*('[1]Air temperatures (Renewable Nin'!$B$2:$B$8761=E$2)))} -> 21.7697 | F8: {=AVERAGE(_xlfn._xlws.FILTER('[1]Air temperatures (Renewable Nin'!$C$2:$C$8761,('[1]Air temperatures (Renewable Nin'!$A$2:$A$8761=$B8)*('[1]Air temperatures (Renewable Nin'!$B$2:$B$8761=F$2)))} -> 21.623233 | G8: {=AVERAGE(_xlfn._xlws.FILTER('[1]Air temperatures (Renewable Nin'!$C$2:$C$8761,('[1]Air temperatures (Renewable Nin'!$A$2:$A$8761=$B8)*('[1]Air temperatures (Renewable Nin'!$B$2:$B$8761=G$2)))} -> 21.5676 | H8: {=AVERAGE(_xlfn._xlws.FILTER('[1]Air temperatures (Renewable Nin'!$C$2:$C$8761,('[1]Air temperatures (Renewable Nin'!$A$2:$A$8761=$B8)*('[1]Air temperatures (Renewable Nin'!$B$2:$B$8761=H$2)))} -> 22.4724 | I8: {=AVERAGE(_xlfn._xlws.FILTER('[1]Air temperatures (Renewable Nin'!$C$2:$C$8761,('[1]Air temperatures (Renewable Nin'!$A$2:$A$8761=$B8)*('[1]Air temperatures (Renewable Nin'!$B$2:$B$8761=I$2)))} -> 23.611233 | J8: {=AVERAGE(_xlfn._xlws.FILTER('[1]Air temperatures (Renewable Nin'!$C$2:$C$8761,('[1]Air temperatures (Renewable Nin'!$A$2:$A$8761=$B8)*('[1]Air temperatures (Renewable Nin'!$B$2:$B$8761=J$2)))} -> 25.0246 | ... Z8: {=AVERAGE(_xlfn._xlws.FILTER('[1]Air temperatures (Renewable Nin'!$C$2:$C$8761,('[1]Air temperatures (Renewable Nin'!$A$2:$A$8761=$B8)*('[1]Air temperatures (Renewable Nin'!$B$2:$B$8761=Z$2)))} -> 22.677367
A9: Luglio | B9: 7 | C9: {=AVERAGE(_xlfn._xlws.FILTER('[1]Air temperatures (Renewable Nin'!$C$2:$C$8761,('[1]Air temperatures (Renewable Nin'!$A$2:$A$8761=$B9)*('[1]Air temperatures (Renewable Nin'!$B$2:$B$8761=C$2)))} -> 24.687645 | D9: {=AVERAGE(_xlfn._xlws.FILTER('[1]Air temperatures (Renewable Nin'!$C$2:$C$8761,('[1]Air temperatures (Renewable Nin'!$A$2:$A$8761=$B9)*('[1]Air temperatures (Renewable Nin'!$B$2:$B$8761=D$2)))} -> 24.482774 | E9: {=AVERAGE(_xlfn._xlws.FILTER('[1]Air temperatures (Renewable Nin'!$C$2:$C$8761,('[1]Air temperatures (Renewable Nin'!$A$2:$A$8761=$B9)*('[1]Air temperatures (Renewable Nin'!$B$2:$B$8761=E$2)))} -> 24.288097 | F9: {=AVERAGE(_xlfn._xlws.FILTER('[1]Air temperatures (Renewable Nin'!$C$2:$C$8761,('[1]Air temperatures (Renewable Nin'!$A$2:$A$8761=$B9)*('[1]Air temperatures (Renewable Nin'!$B$2:$B$8761=F$2)))} -> 24.093355 | G9: {=AVERAGE(_xlfn._xlws.FILTER('[1]Air temperatures (Renewable Nin'!$C$2:$C$8761,('[1]Air temperatures (Renewable Nin'!$A$2:$A$8761=$B9)*('[1]Air temperatures (Renewable Nin'!$B$2:$B$8761=G$2)))} -> 23.924226 | H9: {=AVERAGE(_xlfn._xlws.FILTER('[1]Air temperatures (Renewable Nin'!$C$2:$C$8761,('[1]Air temperatures (Renewable Nin'!$A$2:$A$8761=$B9)*('[1]Air temperatures (Renewable Nin'!$B$2:$B$8761=H$2)))} -> 24.635387 | I9: {=AVERAGE(_xlfn._xlws.FILTER('[1]Air temperatures (Renewable Nin'!$C$2:$C$8761,('[1]Air temperatures (Renewable Nin'!$A$2:$A$8761=$B9)*('[1]Air temperatures (Renewable Nin'!$B$2:$B$8761=I$2)))} -> 25.867065 | J9: {=AVERAGE(_xlfn._xlws.FILTER('[1]Air temperatures (Renewable Nin'!$C$2:$C$8761,('[1]Air temperatures (Renewable Nin'!$A$2:$A$8761=$B9)*('[1]Air temperatures (Renewable Nin'!$B$2:$B$8761=J$2)))} -> 27.397935 | ... Z9: {=AVERAGE(_xlfn._xlws.FILTER('[1]Air temperatures (Renewable Nin'!$C$2:$C$8761,('[1]Air temperatures (Renewable Nin'!$A$2:$A$8761=$B9)*('[1]Air temperatures (Renewable Nin'!$B$2:$B$8761=Z$2)))} -> 24.965484
A10: Agosto | B10: 8 | C10: {=AVERAGE(_xlfn._xlws.FILTER('[1]Air temperatures (Renewable Nin'!$C$2:$C$8761,('[1]Air temperatures (Renewable Nin'!$A$2:$A$8761=$B10)*('[1]Air temperatures (Renewable Nin'!$B$2:$B$8761=C$2)))} -> 25.826677 | D10: {=AVERAGE(_xlfn._xlws.FILTER('[1]Air temperatures (Renewable Nin'!$C$2:$C$8761,('[1]Air temperatures (Renewable Nin'!$A$2:$A$8761=$B10)*('[1]Air temperatures (Renewable Nin'!$B$2:$B$8761=D$2)))} -> 25.625935 | E10: {=AVERAGE(_xlfn._xlws.FILTER('[1]Air temperatures (Renewable Nin'!$C$2:$C$8761,('[1]Air temperatures (Renewable Nin'!$A$2:$A$8761=$B10)*('[1]Air temperatures (Renewable Nin'!$B$2:$B$8761=E$2)))} -> 25.423903 | F10: {=AVERAGE(_xlfn._xlws.FILTER('[1]Air temperatures (Renewable Nin'!$C$2:$C$8761,('[1]Air temperatures (Renewable Nin'!$A$2:$A$8761=$B10)*('[1]Air temperatures (Renewable Nin'!$B$2:$B$8761=F$2)))} -> 25.231484 | G10: {=AVERAGE(_xlfn._xlws.FILTER('[1]Air temperatures (Renewable Nin'!$C$2:$C$8761,('[1]Air temperatures (Renewable Nin'!$A$2:$A$8761=$B10)*('[1]Air temperatures (Renewable Nin'!$B$2:$B$8761=G$2)))} -> 25.024 | H10: {=AVERAGE(_xlfn._xlws.FILTER('[1]Air temperatures (Renewable Nin'!$C$2:$C$8761,('[1]Air temperatures (Renewable Nin'!$A$2:$A$8761=$B10)*('[1]Air temperatures (Renewable Nin'!$B$2:$B$8761=H$2)))} -> 25.358097 | I10: {=AVERAGE(_xlfn._xlws.FILTER('[1]Air temperatures (Renewable Nin'!$C$2:$C$8761,('[1]Air temperatures (Renewable Nin'!$A$2:$A$8761=$B10)*('[1]Air temperatures (Renewable Nin'!$B$2:$B$8761=I$2)))} -> 26.552677 | J10: {=AVERAGE(_xlfn._xlws.FILTER('[1]Air temperatures (Renewable Nin'!$C$2:$C$8761,('[1]Air temperatures (Renewable Nin'!$A$2:$A$8761=$B10)*('[1]Air temperatures (Renewable Nin'!$B$2:$B$8761=J$2)))} -> 28.11029 | ... Z10: {=AVERAGE(_xlfn._xlws.FILTER('[1]Air temperatures (Renewable Nin'!$C$2:$C$8761,('[1]Air temperatures (Renewable Nin'!$A$2:$A$8761=$B10)*('[1]Air temperatures (Renewable Nin'!$B$2:$B$8761=Z$2)))} -> 26.086
A11: Settembre | B11: 9 | C11: {=AVERAGE(_xlfn._xlws.FILTER('[1]Air temperatures (Renewable Nin'!$C$2:$C$8761,('[1]Air temperatures (Renewable Nin'!$A$2:$A$8761=$B11)*('[1]Air temperatures (Renewable Nin'!$B$2:$B$8761=C$2)))} -> 23.247467 | D11: {=AVERAGE(_xlfn._xlws.FILTER('[1]Air temperatures (Renewable Nin'!$C$2:$C$8761,('[1]Air temperatures (Renewable Nin'!$A$2:$A$8761=$B11)*('[1]Air temperatures (Renewable Nin'!$B$2:$B$8761=D$2)))} -> 23.015933 | E11: {=AVERAGE(_xlfn._xlws.FILTER('[1]Air temperatures (Renewable Nin'!$C$2:$C$8761,('[1]Air temperatures (Renewable Nin'!$A$2:$A$8761=$B11)*('[1]Air temperatures (Renewable Nin'!$B$2:$B$8761=E$2)))} -> 22.814767 | F11: {=AVERAGE(_xlfn._xlws.FILTER('[1]Air temperatures (Renewable Nin'!$C$2:$C$8761,('[1]Air temperatures (Renewable Nin'!$A$2:$A$8761=$B11)*('[1]Air temperatures (Renewable Nin'!$B$2:$B$8761=F$2)))} -> 22.6386 | G11: {=AVERAGE(_xlfn._xlws.FILTER('[1]Air temperatures (Renewable Nin'!$C$2:$C$8761,('[1]Air temperatures (Renewable Nin'!$A$2:$A$8761=$B11)*('[1]Air temperatures (Renewable Nin'!$B$2:$B$8761=G$2)))} -> 22.434133 | H11: {=AVERAGE(_xlfn._xlws.FILTER('[1]Air temperatures (Renewable Nin'!$C$2:$C$8761,('[1]Air temperatures (Renewable Nin'!$A$2:$A$8761=$B11)*('[1]Air temperatures (Renewable Nin'!$B$2:$B$8761=H$2)))} -> 22.250533 | I11: {=AVERAGE(_xlfn._xlws.FILTER('[1]Air temperatures (Renewable Nin'!$C$2:$C$8761,('[1]Air temperatures (Renewable Nin'!$A$2:$A$8761=$B11)*('[1]Air temperatures (Renewable Nin'!$B$2:$B$8761=I$2)))} -> 23.0328 | J11: {=AVERAGE(_xlfn._xlws.FILTER('[1]Air temperatures (Renewable Nin'!$C$2:$C$8761,('[1]Air temperatures (Renewable Nin'!$A$2:$A$8761=$B11)*('[1]Air temperatures (Renewable Nin'!$B$2:$B$8761=J$2)))} -> 24.201833 | ... Z11: {=AVERAGE(_xlfn._xlws.FILTER('[1]Air temperatures (Renewable Nin'!$C$2:$C$8761,('[1]Air temperatures (Renewable Nin'!$A$2:$A$8761=$B11)*('[1]Air temperatures (Renewable Nin'!$B$2:$B$8761=Z$2)))} -> 23.391433
A12: Ottobre | B12: 10 | C12: {=AVERAGE(_xlfn._xlws.FILTER('[1]Air temperatures (Renewable Nin'!$C$2:$C$8761,('[1]Air temperatures (Renewable Nin'!$A$2:$A$8761=$B12)*('[1]Air temperatures (Renewable Nin'!$B$2:$B$8761=C$2)))} -> 19.182516 | D12: {=AVERAGE(_xlfn._xlws.FILTER('[1]Air temperatures (Renewable Nin'!$C$2:$C$8761,('[1]Air temperatures (Renewable Nin'!$A$2:$A$8761=$B12)*('[1]Air temperatures (Renewable Nin'!$B$2:$B$8761=D$2)))} -> 18.965258 | E12: {=AVERAGE(_xlfn._xlws.FILTER('[1]Air temperatures (Renewable Nin'!$C$2:$C$8761,('[1]Air temperatures (Renewable Nin'!$A$2:$A$8761=$B12)*('[1]Air temperatures (Renewable Nin'!$B$2:$B$8761=E$2)))} -> 18.779355 | F12: {=AVERAGE(_xlfn._xlws.FILTER('[1]Air temperatures (Renewable Nin'!$C$2:$C$8761,('[1]Air temperatures (Renewable Nin'!$A$2:$A$8761=$B12)*('[1]Air temperatures (Renewable Nin'!$B$2:$B$8761=F$2)))} -> 18.617677 | G12: {=AVERAGE(_xlfn._xlws.FILTER('[1]Air temperatures (Renewable Nin'!$C$2:$C$8761,('[1]Air temperatures (Renewable Nin'!$A$2:$A$8761=$B12)*('[1]Air temperatures (Renewable Nin'!$B$2:$B$8761=G$2)))} -> 18.44971 | H12: {=AVERAGE(_xlfn._xlws.FILTER('[1]Air temperatures (Renewable Nin'!$C$2:$C$8761,('[1]Air temperatures (Renewable Nin'!$A$2:$A$8761=$B12)*('[1]Air temperatures (Renewable Nin'!$B$2:$B$8761=H$2)))} -> 18.284484 | I12: {=AVERAGE(_xlfn._xlws.FILTER('[1]Air temperatures (Renewable Nin'!$C$2:$C$8761,('[1]Air temperatures (Renewable Nin'!$A$2:$A$8761=$B12)*('[1]Air temperatures (Renewable Nin'!$B$2:$B$8761=I$2)))} -> 18.426194 | J12: {=AVERAGE(_xlfn._xlws.FILTER('[1]Air temperatures (Renewable Nin'!$C$2:$C$8761,('[1]Air temperatures (Renewable Nin'!$A$2:$A$8761=$B12)*('[1]Air temperatures (Renewable Nin'!$B$2:$B$8761=J$2)))} -> 19.841516 | ... Z12: {=AVERAGE(_xlfn._xlws.FILTER('[1]Air temperatures (Renewable Nin'!$C$2:$C$8761,('[1]Air temperatures (Renewable Nin'!$A$2:$A$8761=$B12)*('[1]Air temperatures (Renewable Nin'!$B$2:$B$8761=Z$2)))} -> 19.22729
A13: Novembre | B13: 11 | C13: {=AVERAGE(_xlfn._xlws.FILTER('[1]Air temperatures (Renewable Nin'!$C$2:$C$8761,('[1]Air temperatures (Renewable Nin'!$A$2:$A$8761=$B13)*('[1]Air temperatures (Renewable Nin'!$B$2:$B$8761=C$2)))} -> 16.057767 | D13: {=AVERAGE(_xlfn._xlws.FILTER('[1]Air temperatures (Renewable Nin'!$C$2:$C$8761,('[1]Air temperatures (Renewable Nin'!$A$2:$A$8761=$B13)*('[1]Air temperatures (Renewable Nin'!$B$2:$B$8761=D$2)))} -> 15.9463 | E13: {=AVERAGE(_xlfn._xlws.FILTER('[1]Air temperatures (Renewable Nin'!$C$2:$C$8761,('[1]Air temperatures (Renewable Nin'!$A$2:$A$8761=$B13)*('[1]Air temperatures (Renewable Nin'!$B$2:$B$8761=E$2)))} -> 15.844633 | F13: {=AVERAGE(_xlfn._xlws.FILTER('[1]Air temperatures (Renewable Nin'!$C$2:$C$8761,('[1]Air temperatures (Renewable Nin'!$A$2:$A$8761=$B13)*('[1]Air temperatures (Renewable Nin'!$B$2:$B$8761=F$2)))} -> 15.7582 | G13: {=AVERAGE(_xlfn._xlws.FILTER('[1]Air temperatures (Renewable Nin'!$C$2:$C$8761,('[1]Air temperatures (Renewable Nin'!$A$2:$A$8761=$B13)*('[1]Air temperatures (Renewable Nin'!$B$2:$B$8761=G$2)))} -> 15.6726 | H13: {=AVERAGE(_xlfn._xlws.FILTER('[1]Air temperatures (Renewable Nin'!$C$2:$C$8761,('[1]Air temperatures (Renewable Nin'!$A$2:$A$8761=$B13)*('[1]Air temperatures (Renewable Nin'!$B$2:$B$8761=H$2)))} -> 15.6106 | I13: {=AVERAGE(_xlfn._xlws.FILTER('[1]Air temperatures (Renewable Nin'!$C$2:$C$8761,('[1]Air temperatures (Renewable Nin'!$A$2:$A$8761=$B13)*('[1]Air temperatures (Renewable Nin'!$B$2:$B$8761=I$2)))} -> 15.5731 | J13: {=AVERAGE(_xlfn._xlws.FILTER('[1]Air temperatures (Renewable Nin'!$C$2:$C$8761,('[1]Air temperatures (Renewable Nin'!$A$2:$A$8761=$B13)*('[1]Air temperatures (Renewable Nin'!$B$2:$B$8761=J$2)))} -> 16.164133 | ... Z13: {=AVERAGE(_xlfn._xlws.FILTER('[1]Air temperatures (Renewable Nin'!$C$2:$C$8761,('[1]Air temperatures (Renewable Nin'!$A$2:$A$8761=$B13)*('[1]Air temperatures (Renewable Nin'!$B$2:$B$8761=Z$2)))} -> 16.009767
A14: Dicembre | B14: 12 | C14: {=AVERAGE(_xlfn._xlws.FILTER('[1]Air temperatures (Renewable Nin'!$C$2:$C$8761,('[1]Air temperatures (Renewable Nin'!$A$2:$A$8761=$B14)*('[1]Air temperatures (Renewable Nin'!$B$2:$B$8761=C$2)))} -> 12.030968 | D14: {=AVERAGE(_xlfn._xlws.FILTER('[1]Air temperatures (Renewable Nin'!$C$2:$C$8761,('[1]Air temperatures (Renewable Nin'!$A$2:$A$8761=$B14)*('[1]Air temperatures (Renewable Nin'!$B$2:$B$8761=D$2)))} -> 11.928484 | E14: {=AVERAGE(_xlfn._xlws.FILTER('[1]Air temperatures (Renewable Nin'!$C$2:$C$8761,('[1]Air temperatures (Renewable Nin'!$A$2:$A$8761=$B14)*('[1]Air temperatures (Renewable Nin'!$B$2:$B$8761=E$2)))} -> 11.812 | F14: {=AVERAGE(_xlfn._xlws.FILTER('[1]Air temperatures (Renewable Nin'!$C$2:$C$8761,('[1]Air temperatures (Renewable Nin'!$A$2:$A$8761=$B14)*('[1]Air temperatures (Renewable Nin'!$B$2:$B$8761=F$2)))} -> 11.650194 | G14: {=AVERAGE(_xlfn._xlws.FILTER('[1]Air temperatures (Renewable Nin'!$C$2:$C$8761,('[1]Air temperatures (Renewable Nin'!$A$2:$A$8761=$B14)*('[1]Air temperatures (Renewable Nin'!$B$2:$B$8761=G$2)))} -> 11.50571 | H14: {=AVERAGE(_xlfn._xlws.FILTER('[1]Air temperatures (Renewable Nin'!$C$2:$C$8761,('[1]Air temperatures (Renewable Nin'!$A$2:$A$8761=$B14)*('[1]Air temperatures (Renewable Nin'!$B$2:$B$8761=H$2)))} -> 11.405613 | I14: {=AVERAGE(_xlfn._xlws.FILTER('[1]Air temperatures (Renewable Nin'!$C$2:$C$8761,('[1]Air temperatures (Renewable Nin'!$A$2:$A$8761=$B14)*('[1]Air temperatures (Renewable Nin'!$B$2:$B$8761=I$2)))} -> 11.325516 | J14: {=AVERAGE(_xlfn._xlws.FILTER('[1]Air temperatures (Renewable Nin'!$C$2:$C$8761,('[1]Air temperatures (Renewable Nin'!$A$2:$A$8761=$B14)*('[1]Air temperatures (Renewable Nin'!$B$2:$B$8761=J$2)))} -> 11.520677 | ... Z14: {=AVERAGE(_xlfn._xlws.FILTER('[1]Air temperatures (Renewable Nin'!$C$2:$C$8761,('[1]Air temperatures (Renewable Nin'!$A$2:$A$8761=$B14)*('[1]Air temperatures (Renewable Nin'!$B$2:$B$8761=Z$2)))} -> 11.992097
C16: Media stagionale
C17: 1 | D17: 2 | E17: 3 | F17: 4 | G17: 5 | H17: 6 | I17: 7 | J17: 8 | K17: 9 | L17: 10 | M17: 11 | N17: 12 | O17: 13 | P17: 14 | Q17: 15 | R17: 16 | S17: 17 | T17: 18 | U17: 19 | V17: 20 | W17: 21 | X17: 22 | Y17: 23 | Z17: 24
A18: Primavera | C18: {=AVERAGE(_xlfn._xlws.FILTER('[1]Air temperatures (Renewable Nin'!$C$2:$C$8761,(('[1]Air temperatures (Renewable Nin'!$A$2:$A$8761=$B6)+('[1]Air temperatures (Renewable Nin'!$A$2:$A$8761=$B7)+('[1]Air temperatures (Renewable Nin'!$A$2:$A$8761=$B8))*('[1]Air temperatures (Renewable Nin'!$B$2:$B$8761=C$2)))} -> 16.73233 | D18: {=AVERAGE(_xlfn._xlws.FILTER('[1]Air temperatures (Renewable Nin'!$C$2:$C$8761,(('[1]Air temperatures (Renewable Nin'!$A$2:$A$8761=$B6)+('[1]Air temperatures (Renewable Nin'!$A$2:$A$8761=$B7)+('[1]Air temperatures (Renewable Nin'!$A$2:$A$8761=$B8))*('[1]Air temperatures (Renewable Nin'!$B$2:$B$8761=D$2)))} -> 16.497846 | E18: {=AVERAGE(_xlfn._xlws.FILTER('[1]Air temperatures (Renewable Nin'!$C$2:$C$8761,(('[1]Air temperatures (Renewable Nin'!$A$2:$A$8761=$B6)+('[1]Air temperatures (Renewable Nin'!$A$2:$A$8761=$B7)+('[1]Air temperatures (Renewable Nin'!$A$2:$A$8761=$B8))*('[1]Air temperatures (Renewable Nin'!$B$2:$B$8761=E$2)))} -> 16.299308 | F18: {=AVERAGE(_xlfn._xlws.FILTER('[1]Air temperatures (Renewable Nin'!$C$2:$C$8761,(('[1]Air temperatures (Renewable Nin'!$A$2:$A$8761=$B6)+('[1]Air temperatures (Renewable Nin'!$A$2:$A$8761=$B7)+('[1]Air temperatures (Renewable Nin'!$A$2:$A$8761=$B8))*('[1]Air temperatures (Renewable Nin'!$B$2:$B$8761=F$2)))} -> 16.128407 | G18: {=AVERAGE(_xlfn._xlws.FILTER('[1]Air temperatures (Renewable Nin'!$C$2:$C$8761,(('[1]Air temperatures (Renewable Nin'!$A$2:$A$8761=$B6)+('[1]Air temperatures (Renewable Nin'!$A$2:$A$8761=$B7)+('[1]Air temperatures (Renewable Nin'!$A$2:$A$8761=$B8))*('[1]Air temperatures (Renewable Nin'!$B$2:$B$8761=G$2)))} -> 15.996462 | H18: {=AVERAGE(_xlfn._xlws.FILTER('[1]Air temperatures (Renewable Nin'!$C$2:$C$8761,(('[1]Air temperatures (Renewable Nin'!$A$2:$A$8761=$B6)+('[1]Air temperatures (Renewable Nin'!$A$2:$A$8761=$B7)+('[1]Air temperatures (Renewable Nin'!$A$2:$A$8761=$B8))*('[1]Air temperatures (Renewable Nin'!$B$2:$B$8761=H$2)))} -> 16.556813 | I18: {=AVERAGE(_xlfn._xlws.FILTER('[1]Air temperatures (Renewable Nin'!$C$2:$C$8761,(('[1]Air temperatures (Renewable Nin'!$A$2:$A$8761=$B6)+('[1]Air temperatures (Renewable Nin'!$A$2:$A$8761=$B7)+('[1]Air temperatures (Renewable Nin'!$A$2:$A$8761=$B8))*('[1]Air temperatures (Renewable Nin'!$B$2:$B$8761=I$2)))} -> 17.682901 | J18: {=AVERAGE(_xlfn._xlws.FILTER('[1]Air temperatures (Renewable Nin'!$C$2:$C$8761,(('[1]Air temperatures (Renewable Nin'!$A$2:$A$8761=$B6)+('[1]Air temperatures (Renewable Nin'!$A$2:$A$8761=$B7)+('[1]Air temperatures (Renewable Nin'!$A$2:$A$8761=$B8))*('[1]Air temperatures (Renewable Nin'!$B$2:$B$8761=J$2)))} -> 18.922538 | ... Z18: {=AVERAGE(_xlfn._xlws.FILTER('[1]Air temperatures (Renewable Nin'!$C$2:$C$8761,(('[1]Air temperatures (Renewable Nin'!$A$2:$A$8761=$B6)+('[1]Air temperatures (Renewable Nin'!$A$2:$A$8761=$B7)+('[1]Air temperatures (Renewable Nin'!$A$2:$A$8761=$B8))*('[1]Air temperatures (Renewable Nin'!$B$2:$B$8761=Z$2)))} -> 17.141143
A19: Estate | C19: {=AVERAGE(_xlfn._xlws.FILTER('[1]Air temperatures (Renewable Nin'!$C$2:$C$8761,(('[1]Air temperatures (Renewable Nin'!$A$2:$A$8761=$B9)+('[1]Air temperatures (Renewable Nin'!$A$2:$A$8761=$B10)+('[1]Air temperatures (Renewable Nin'!$A$2:$A$8761=$B11))*('[1]Air temperatures (Renewable Nin'!$B$2:$B$8761=C$2)))} -> 24.601826 | D19: {=AVERAGE(_xlfn._xlws.FILTER('[1]Air temperatures (Renewable Nin'!$C$2:$C$8761,(('[1]Air temperatures (Renewable Nin'!$A$2:$A$8761=$B9)+('[1]Air temperatures (Renewable Nin'!$A$2:$A$8761=$B10)+('[1]Air temperatures (Renewable Nin'!$A$2:$A$8761=$B11))*('[1]Air temperatures (Renewable Nin'!$B$2:$B$8761=D$2)))} -> 24.389652 | E19: {=AVERAGE(_xlfn._xlws.FILTER('[1]Air temperatures (Renewable Nin'!$C$2:$C$8761,(('[1]Air temperatures (Renewable Nin'!$A$2:$A$8761=$B9)+('[1]Air temperatures (Renewable Nin'!$A$2:$A$8761=$B10)+('[1]Air temperatures (Renewable Nin'!$A$2:$A$8761=$B11))*('[1]Air temperatures (Renewable Nin'!$B$2:$B$8761=E$2)))} -> 24.19038 | F19: {=AVERAGE(_xlfn._xlws.FILTER('[1]Air temperatures (Renewable Nin'!$C$2:$C$8761,(('[1]Air temperatures (Renewable Nin'!$A$2:$A$8761=$B9)+('[1]Air temperatures (Renewable Nin'!$A$2:$A$8761=$B10)+('[1]Air temperatures (Renewable Nin'!$A$2:$A$8761=$B11))*('[1]Air temperatures (Renewable Nin'!$B$2:$B$8761=F$2)))} -> 24.002478 | G19: {=AVERAGE(_xlfn._xlws.FILTER('[1]Air temperatures (Renewable Nin'!$C$2:$C$8761,(('[1]Air temperatures (Renewable Nin'!$A$2:$A$8761=$B9)+('[1]Air temperatures (Renewable Nin'!$A$2:$A$8761=$B10)+('[1]Air temperatures (Renewable Nin'!$A$2:$A$8761=$B11))*('[1]Air temperatures (Renewable Nin'!$B$2:$B$8761=G$2)))} -> 23.808902 | H19: {=AVERAGE(_xlfn._xlws.FILTER('[1]Air temperatures (Renewable Nin'!$C$2:$C$8761,(('[1]Air temperatures (Renewable Nin'!$A$2:$A$8761=$B9)+('[1]Air temperatures (Renewable Nin'!$A$2:$A$8761=$B10)+('[1]Air temperatures (Renewable Nin'!$A$2:$A$8761=$B11))*('[1]Air temperatures (Renewable Nin'!$B$2:$B$8761=H$2)))} -> 24.101239 | I19: {=AVERAGE(_xlfn._xlws.FILTER('[1]Air temperatures (Renewable Nin'!$C$2:$C$8761,(('[1]Air temperatures (Renewable Nin'!$A$2:$A$8761=$B9)+('[1]Air temperatures (Renewable Nin'!$A$2:$A$8761=$B10)+('[1]Air temperatures (Renewable Nin'!$A$2:$A$8761=$B11))*('[1]Air temperatures (Renewable Nin'!$B$2:$B$8761=I$2)))} -> 25.17387 | J19: {=AVERAGE(_xlfn._xlws.FILTER('[1]Air temperatures (Renewable Nin'!$C$2:$C$8761,(('[1]Air temperatures (Renewable Nin'!$A$2:$A$8761=$B9)+('[1]Air temperatures (Renewable Nin'!$A$2:$A$8761=$B10)+('[1]Air temperatures (Renewable Nin'!$A$2:$A$8761=$B11))*('[1]Air temperatures (Renewable Nin'!$B$2:$B$8761=J$2)))} -> 26.595761 | ... Z19: {=AVERAGE(_xlfn._xlws.FILTER('[1]Air temperatures (Renewable Nin'!$C$2:$C$8761,(('[1]Air temperatures (Renewable Nin'!$A$2:$A$8761=$B9)+('[1]Air temperatures (Renewable Nin'!$A$2:$A$8761=$B10)+('[1]Air temperatures (Renewable Nin'!$A$2:$A$8761=$B11))*('[1]Air temperatures (Renewable Nin'!$B$2:$B$8761=Z$2)))} -> 24.829772
A20: Autunno | C20: {=AVERAGE(_xlfn._xlws.FILTER('[1]Air temperatures (Renewable Nin'!$C$2:$C$8761,(('[1]Air temperatures (Renewable Nin'!$A$2:$A$8761=$B12)+('[1]Air temperatures (Renewable Nin'!$A$2:$A$8761=$B13)+('[1]Air temperatures (Renewable Nin'!$A$2:$A$8761=$B14))*('[1]Air temperatures (Renewable Nin'!$B$2:$B$8761=C$2)))} -> 15.753815 | D20: {=AVERAGE(_xlfn._xlws.FILTER('[1]Air temperatures (Renewable Nin'!$C$2:$C$8761,(('[1]Air temperatures (Renewable Nin'!$A$2:$A$8761=$B12)+('[1]Air temperatures (Renewable Nin'!$A$2:$A$8761=$B13)+('[1]Air temperatures (Renewable Nin'!$A$2:$A$8761=$B14))*('[1]Air temperatures (Renewable Nin'!$B$2:$B$8761=D$2)))} -> 15.609728 | E20: {=AVERAGE(_xlfn._xlws.FILTER('[1]Air temperatures (Renewable Nin'!$C$2:$C$8761,(('[1]Air temperatures (Renewable Nin'!$A$2:$A$8761=$B12)+('[1]Air temperatures (Renewable Nin'!$A$2:$A$8761=$B13)+('[1]Air temperatures (Renewable Nin'!$A$2:$A$8761=$B14))*('[1]Air temperatures (Renewable Nin'!$B$2:$B$8761=E$2)))} -> 15.474685 | F20: {=AVERAGE(_xlfn._xlws.FILTER('[1]Air temperatures (Renewable Nin'!$C$2:$C$8761,(('[1]Air temperatures (Renewable Nin'!$A$2:$A$8761=$B12)+('[1]Air temperatures (Renewable Nin'!$A$2:$A$8761=$B13)+('[1]Air temperatures (Renewable Nin'!$A$2:$A$8761=$B14))*('[1]Air temperatures (Renewable Nin'!$B$2:$B$8761=F$2)))} -> 15.3375 | G20: {=AVERAGE(_xlfn._xlws.FILTER('[1]Air temperatures (Renewable Nin'!$C$2:$C$8761,(('[1]Air temperatures (Renewable Nin'!$A$2:$A$8761=$B12)+('[1]Air temperatures (Renewable Nin'!$A$2:$A$8761=$B13)+('[1]Air temperatures (Renewable Nin'!$A$2:$A$8761=$B14))*('[1]Air temperatures (Renewable Nin'!$B$2:$B$8761=G$2)))} -> 15.204304 | H20: {=AVERAGE(_xlfn._xlws.FILTER('[1]Air temperatures (Renewable Nin'!$C$2:$C$8761,(('[1]Air temperatures (Renewable Nin'!$A$2:$A$8761=$B12)+('[1]Air temperatures (Renewable Nin'!$A$2:$A$8761=$B13)+('[1]Air temperatures (Renewable Nin'!$A$2:$A$8761=$B14))*('[1]Air temperatures (Renewable Nin'!$B$2:$B$8761=H$2)))} -> 15.094685 | I20: {=AVERAGE(_xlfn._xlws.FILTER('[1]Air temperatures (Renewable Nin'!$C$2:$C$8761,(('[1]Air temperatures (Renewable Nin'!$A$2:$A$8761=$B12)+('[1]Air temperatures (Renewable Nin'!$A$2:$A$8761=$B13)+('[1]Air temperatures (Renewable Nin'!$A$2:$A$8761=$B14))*('[1]Air temperatures (Renewable Nin'!$B$2:$B$8761=I$2)))} -> 15.103217 | J20: {=AVERAGE(_xlfn._xlws.FILTER('[1]Air temperatures (Renewable Nin'!$C$2:$C$8761,(('[1]Air temperatures (Renewable Nin'!$A$2:$A$8761=$B12)+('[1]Air temperatures (Renewable Nin'!$A$2:$A$8761=$B13)+('[1]Air temperatures (Renewable Nin'!$A$2:$A$8761=$B14))*('[1]Air temperatures (Renewable Nin'!$B$2:$B$8761=J$2)))} -> 15.838609 | ... Z20: {=AVERAGE(_xlfn._xlws.FILTER('[1]Air temperatures (Renewable Nin'!$C$2:$C$8761,(('[1]Air temperatures (Renewable Nin'!$A$2:$A$8761=$B12)+('[1]Air temperatures (Renewable Nin'!$A$2:$A$8761=$B13)+('[1]Air temperatures (Renewable Nin'!$A$2:$A$8761=$B14))*('[1]Air temperatures (Renewable Nin'!$B$2:$B$8761=Z$2)))} -> 15.740152
A21: Inverno | C21: {=AVERAGE(_xlfn._xlws.FILTER('[1]Air temperatures (Renewable Nin'!$C$2:$C$8761,(('[1]Air temperatures (Renewable Nin'!$A$2:$A$8761=$B3)+('[1]Air temperatures (Renewable Nin'!$A$2:$A$8761=$B4)+('[1]Air temperatures (Renewable Nin'!$A$2:$A$8761=$B5))*('[1]Air temperatures (Renewable Nin'!$B$2:$B$8761=C$2)))} -> 9.3257 | D21: {=AVERAGE(_xlfn._xlws.FILTER('[1]Air temperatures (Renewable Nin'!$C$2:$C$8761,(('[1]Air temperatures (Renewable Nin'!$A$2:$A$8761=$B3)+('[1]Air temperatures (Renewable Nin'!$A$2:$A$8761=$B4)+('[1]Air temperatures (Renewable Nin'!$A$2:$A$8761=$B5))*('[1]Air temperatures (Renewable Nin'!$B$2:$B$8761=D$2)))} -> 9.1648778 | E21: {=AVERAGE(_xlfn._xlws.FILTER('[1]Air temperatures (Renewable Nin'!$C$2:$C$8761,(('[1]Air temperatures (Renewable Nin'!$A$2:$A$8761=$B3)+('[1]Air temperatures (Renewable Nin'!$A$2:$A$8761=$B4)+('[1]Air temperatures (Renewable Nin'!$A$2:$A$8761=$B5))*('[1]Air temperatures (Renewable Nin'!$B$2:$B$8761=E$2)))} -> 9.0061889 | F21: {=AVERAGE(_xlfn._xlws.FILTER('[1]Air temperatures (Renewable Nin'!$C$2:$C$8761,(('[1]Air temperatures (Renewable Nin'!$A$2:$A$8761=$B3)+('[1]Air temperatures (Renewable Nin'!$A$2:$A$8761=$B4)+('[1]Air temperatures (Renewable Nin'!$A$2:$A$8761=$B5))*('[1]Air temperatures (Renewable Nin'!$B$2:$B$8761=F$2)))} -> 8.8523444 | G21: {=AVERAGE(_xlfn._xlws.FILTER('[1]Air temperatures (Renewable Nin'!$C$2:$C$8761,(('[1]Air temperatures (Renewable Nin'!$A$2:$A$8761=$B3)+('[1]Air temperatures (Renewable Nin'!$A$2:$A$8761=$B4)+('[1]Air temperatures (Renewable Nin'!$A$2:$A$8761=$B5))*('[1]Air temperatures (Renewable Nin'!$B$2:$B$8761=G$2)))} -> 8.7409556 | H21: {=AVERAGE(_xlfn._xlws.FILTER('[1]Air temperatures (Renewable Nin'!$C$2:$C$8761,(('[1]Air temperatures (Renewable Nin'!$A$2:$A$8761=$B3)+('[1]Air temperatures (Renewable Nin'!$A$2:$A$8761=$B4)+('[1]Air temperatures (Renewable Nin'!$A$2:$A$8761=$B5))*('[1]Air temperatures (Renewable Nin'!$B$2:$B$8761=H$2)))} -> 8.6514667 | I21: {=AVERAGE(_xlfn._xlws.FILTER('[1]Air temperatures (Renewable Nin'!$C$2:$C$8761,(('[1]Air temperatures (Renewable Nin'!$A$2:$A$8761=$B3)+('[1]Air temperatures (Renewable Nin'!$A$2:$A$8761=$B4)+('[1]Air temperatures (Renewable Nin'!$A$2:$A$8761=$B5))*('[1]Air temperatures (Renewable Nin'!$B$2:$B$8761=I$2)))} -> 8.8357556 | J21: {=AVERAGE(_xlfn._xlws.FILTER('[1]Air temperatures (Renewable Nin'!$C$2:$C$8761,(('[1]Air temperatures (Renewable Nin'!$A$2:$A$8761=$B3)+('[1]Air temperatures (Renewable Nin'!$A$2:$A$8761=$B4)+('[1]Air temperatures (Renewable Nin'!$A$2:$A$8761=$B5))*('[1]Air temperatures (Renewable Nin'!$B$2:$B$8761=J$2)))} -> 9.8400222 | ... Z21: {=AVERAGE(_xlfn._xlws.FILTER('[1]Air temperatures (Renewable Nin'!$C$2:$C$8761,(('[1]Air temperatures (Renewable Nin'!$A$2:$A$8761=$B3)+('[1]Air temperatures (Renewable Nin'!$A$2:$A$8761=$B4)+('[1]Air temperatures (Renewable Nin'!$A$2:$A$8761=$B5))*('[1]Air temperatures (Renewable Nin'!$B$2:$B$8761=Z$2)))} -> 9.5494222

Sheet Volumi riscaldati
A1: From REPORT DE, page 18
B4: Volume lordo [m3] | C4: Volume netto [m3] | D4: Superficie [m2]
A5: Zona Termica 1 | B5: 5536.11 | C5: 3954.62 | D5: 1154.84
A6: Zona Termica 2 | B6: 5536.14 | C6: 4125.91 | D6: 1178.33
A7: Zona Termica 3 | B7: 5536.14 | C7: 4191.57 | D7: 1221.7
A8: Zona Termica 4 | B8: 2046.74 | C8: 1728 | D8: 288
A9: Zona Termica 5 | B9: 589.38 | C9: 434.98 | D9: 124.28
